Date,Open,High,Low,Close,Volume
1/3/2022 15:59:59,565.03,567.47,555.51,566.71,2715113
1/4/2022 15:59:59,564.23,568.72,561.79,564.23,2097484
1/5/2022 15:59:59,563.69,565.05,549.77,549.92,2887485
1/6/2022 15:59:59,546.2,553.52,543.55,549.8,2503087
1/7/2022 15:59:59,547.55,548.37,534.24,536.18,2323920
1/10/2022 15:59:59,529.29,530.41,508.5,518.8,4916769
1/11/2022 15:59:59,518.8,522.47,510.29,522.03,2457299
1/12/2022 15:59:59,522.03,530.03,522.01,525.8,1729540
1/13/2022 15:59:59,527.64,529.05,515.23,516.88,2428072
1/14/2022 15:59:59,511.57,512.98,501.86,502.99,3872496
1/18/2022 15:59:59,494.46,495.08,486.86,488.07,3803545
1/19/2022 15:59:59,489.89,496.24,487.1,490.16,2709384
1/20/2022 15:59:59,490.75,499.88,481.84,482.82,2893721
1/21/2022 15:59:59,481.92,494.61,481.32,481.61,3295582
1/24/2022 15:59:59,475.55,489.97,469.01,488.9,4423868
1/25/2022 15:59:59,479.9,482.64,472.37,477.32,3076814
1/26/2022 15:59:59,483.23,493.87,478.77,483.47,3074881
1/27/2022 15:59:59,486.92,495.79,480.31,482.52,2374116
1/28/2022 15:59:59,483.74,492.73,475.9,492.43,1918479
1/31/2022 15:59:59,492,506.42,490.63,505.13,2480656
2/1/2022 15:59:59,505,509.68,496.94,508.41,2347161
2/2/2022 15:59:59,511.11,523.99,510.34,522.02,2547552
2/3/2022 15:59:59,515.88,526.44,514.21,521.77,2665116
2/4/2022 15:59:59,518.11,522,510.8,519.77,2387434
2/7/2022 15:59:59,521.3,522,514.23,515.89,1863560
2/8/2022 15:59:59,515.89,523.39,510.5,521.15,1461959
2/9/2022 15:59:59,528,534.24,525.68,528.83,2256668
2/10/2022 15:59:59,520.87,524.47,514.75,518.48,2558857
2/11/2022 15:59:59,518.4,521.35,507.38,509.67,2349695
2/14/2022 15:59:59,508.99,511.53,501.44,506.56,1749565
2/15/2022 15:59:59,513.34,516,510.76,513.92,1984779
2/16/2022 15:59:59,511.49,514.55,501.71,512.4,1770754
2/17/2022 15:59:59,509.64,518.21,507.03,515.01,2022828
2/18/2022 15:59:59,514.89,517.9,510.33,512.67,2154742
2/22/2022 15:59:59,510,514.58,498.16,502.18,2451796
2/23/2022 15:59:59,502.94,507.97,494.78,495.26,2021429
2/24/2022 15:59:59,483.27,506.55,482.98,505.58,2859804
2/25/2022 15:59:59,508.58,518.25,505.25,517.49,2002964
2/28/2022 15:59:59,514.3,519.63,511.3,519.25,2408949
3/1/2022 15:59:59,519.46,529.36,519.19,522.93,2316018
3/2/2022 15:59:59,524,533.09,519.77,528,2571468
3/3/2022 15:59:59,534.49,538.96,529.54,533.05,3851836
3/4/2022 15:59:59,519.5,529.92,511.78,525.5,4418923
3/7/2022 15:59:59,523.45,545.29,523.42,528.52,3896920
3/8/2022 15:59:59,526.22,539.73,522.41,523.36,3649663
3/9/2022 15:59:59,527.62,530.86,515.71,527.65,2789706
3/10/2022 15:59:59,523.11,534.37,518.14,532.72,1777660
3/11/2022 15:59:59,536.62,542.65,526.43,527.42,1735112
3/14/2022 15:59:59,527.77,535.31,523.54,525.95,1950008
3/15/2022 15:59:59,530,543.85,527.92,542.32,2547887
3/16/2022 15:59:59,544.53,551.62,531.26,543.39,3017225
3/17/2022 15:59:59,543.35,553.17,543.2,552.79,1974206
3/18/2022 15:59:59,552.96,562.55,549.51,561.35,3597825
3/21/2022 15:59:59,560.14,566.75,550.84,555.53,3136860
3/22/2022 15:59:59,556.96,560.35,552.33,559.42,1777494
3/23/2022 15:59:59,556.95,560.69,551.91,554.02,1546756
3/24/2022 15:59:59,555.51,558.26,549.22,558.11,1614151
3/25/2022 15:59:59,559.82,560.43,550.23,555.71,1975990
3/28/2022 15:59:59,556.74,565.26,553.5,565.21,2056125
3/29/2022 15:59:59,568,571.22,564.53,569.98,2005367
3/30/2022 15:59:59,570.95,578.25,568.59,576.47,2086497
3/31/2022 15:59:59,578.7,586.32,575.51,575.85,3439768
4/1/2022 15:59:59,577.38,582.99,572.31,575.57,1933507
4/4/2022 15:59:59,573.94,579.69,571.47,575.13,2202421
4/5/2022 15:59:59,572.59,583.98,572.1,575.32,1826816
4/6/2022 15:59:59,574.03,586.8,570.37,584.79,2646237
4/7/2022 15:59:59,592.29,612.27,588.78,608.05,4804249
4/8/2022 15:59:59,606.38,608,597.73,600.04,3230210
4/11/2022 15:59:59,598.79,601,582.8,584.67,2792714
4/12/2022 15:59:59,586.69,591.73,578.76,581.36,2141958
4/13/2022 15:59:59,582.47,593.49,582.47,591.09,2211841
4/14/2022 15:59:59,591.78,596.28,587.05,590.39,2206167
4/18/2022 15:59:59,585.38,592.11,579.6,582.12,2161925
4/19/2022 15:59:59,583.35,594.83,582,594.3,2327834
4/20/2022 15:59:59,599.15,605.28,597.3,603.53,1793337
4/21/2022 15:59:59,607.28,609.18,591.15,591.74,2027947
4/22/2022 15:59:59,590.35,591.9,571.05,571.7,2878169
4/25/2022 15:59:59,570.31,570.33,553.53,568.21,3154501
4/26/2022 15:59:59,565.25,568.34,553.31,553.76,2057352
4/27/2022 15:59:59,556.19,563.62,552.85,554.08,2261581
4/28/2022 15:59:59,555.47,564.8,545.8,562,2118683
4/29/2022 15:59:59,560.93,561.58,529.7,531.72,2968024
5/2/2022 15:59:59,532.23,539.2,518.27,528.95,3303362
5/3/2022 15:59:59,530,534.27,523.7,528.08,2398040
5/4/2022 15:59:59,531.6,546.14,522.81,544.43,2465206
5/5/2022 15:59:59,541.57,542.34,512.17,517.32,3977041
5/6/2022 15:59:59,514.4,516.44,498.82,503.36,3560758
5/9/2022 15:59:59,496.1,507.05,494.34,498.83,3292742
5/10/2022 15:59:59,509.7,510.63,495.63,501.46,2729398
5/11/2022 15:59:59,503.92,508,487.81,489.08,2782894
5/12/2022 15:59:59,486.79,497.26,479.76,486.18,2829489
5/13/2022 15:59:59,493.11,498.79,489.6,497.27,2338637
5/16/2022 15:59:59,496.14,497.68,489.62,494.53,1579715
5/17/2022 15:59:59,489.16,493.56,480.23,490.47,2602815
5/18/2022 15:59:59,460,463.86,424.55,429.4,9511603
5/19/2022 15:59:59,430.37,430.53,418.72,422.93,5839640
5/20/2022 15:59:59,428.8,428.85,406.51,416.43,5115014
5/23/2022 15:59:59,420,430,416.67,429.48,3687167
5/24/2022 15:59:59,424.8,438.73,424.35,437.71,3473424
5/25/2022 15:59:59,436.33,443.26,430.83,440.11,3225105
5/26/2022 15:59:59,449.1,468.05,447.51,464.99,5917606
5/27/2022 15:59:59,456.8,474.88,455.12,470.76,5719609
5/31/2022 15:59:59,470.76,470.8,458.03,466.22,4424541
6/1/2022 15:59:59,469.38,470.5,456.7,456.99,2319395
6/2/2022 15:59:59,460.9,491.13,457.88,487.61,4950575
6/3/2022 15:59:59,485.03,488.15,475.59,476.25,2857437
6/6/2022 15:59:59,480.5,481,468.91,472.47,2297043
6/7/2022 15:59:59,459.91,473.73,459.59,471.78,2435455
6/8/2022 15:59:59,471.78,474.43,466.89,467.99,1697022
6/9/2022 15:59:59,467.34,484.24,467.15,472.05,3087499
6/10/2022 15:59:59,465,468.19,457.76,463.31,2551932
6/13/2022 15:59:59,450,458.64,448.9,452.25,3113404
6/14/2022 15:59:59,452.25,458.76,450.28,454.8,2224642
6/15/2022 15:59:59,458.5,464.36,451.39,458.79,2250190
6/16/2022 15:59:59,450.31,457.77,447.97,451.76,2906555
6/17/2022 15:59:59,451.05,455.69,443.2,446.69,3623435
6/21/2022 15:59:59,450.55,464.82,449.14,463.11,2420616
6/22/2022 15:59:59,459.39,464.72,458.5,459.96,1827536
6/23/2022 15:59:59,466.37,476.28,465.71,475,2030070
6/24/2022 15:59:59,480,484.83,476.68,484.37,2862608
6/27/2022 15:59:59,485.81,487.24,477.35,481.75,2034692
6/28/2022 15:59:59,483.5,487.24,467.89,468.61,1761731
6/29/2022 15:59:59,470.95,472.97,466.42,469.84,1275598
6/30/2022 15:59:59,468.3,482.09,464.72,479.28,3852375
7/1/2022 15:59:59,481.18,491.25,478,485.76,2660404
7/5/2022 15:59:59,485.56,490.9,478.46,488.26,2490345
7/6/2022 15:59:59,488.26,497.02,487.78,492.65,2262272
7/7/2022 15:59:59,492.06,495.53,489.22,494.95,2125209
7/8/2022 15:59:59,497.32,505.52,497,501.54,2607818
7/11/2022 15:59:59,501.12,505.55,494.84,498.9,1891484
7/12/2022 15:59:59,497.01,501.9,488.04,490.57,1775346
7/13/2022 15:59:59,484.32,497.32,483.82,492.22,2008384
7/14/2022 15:59:59,496.09,513.27,493.62,511.94,3715592
7/15/2022 15:59:59,516.92,524.8,515.78,522.95,4265057
7/18/2022 15:59:59,521.86,528.53,515.67,516.3,2464070
7/19/2022 15:59:59,522.41,525.58,516.97,520.23,2391003
7/20/2022 15:59:59,521.26,526.16,516.81,524.2,1740735
7/21/2022 15:59:59,524.04,529.74,521.6,529.46,1716080
7/22/2022 15:59:59,530.71,537.11,526.07,529.72,1800760
7/25/2022 15:59:59,531.42,532.29,526,529.14,1452731
7/26/2022 15:59:59,515,519.68,508.76,511.93,3334847
7/27/2022 15:59:59,513.1,525.32,511.17,522.31,2060140
7/28/2022 15:59:59,520.28,539.18,520.28,536.18,2083253
7/29/2022 15:59:59,532,542.12,531.9,541.3,2131516
8/1/2022 15:59:59,541.42,552.71,541.25,546.81,2256005
8/2/2022 15:59:59,544.03,551.04,540.77,543.46,1984204
8/3/2022 15:59:59,545,548.7,542.12,547.01,1693324
8/4/2022 15:59:59,547,547.2,540.67,543.28,2000678
8/5/2022 15:59:59,537.24,541.6,533.35,540.67,1711488
8/8/2022 15:59:59,543.84,547.5,538.67,541.9,1345699
8/9/2022 15:59:59,543.64,545,533.89,535.82,1877305
8/10/2022 15:59:59,544.48,549.91,537.29,539.82,2336567
8/11/2022 15:59:59,543.24,543.49,531.81,532.2,2340166
8/12/2022 15:59:59,536.18,538.4,533.73,537.21,1918238
8/15/2022 15:59:59,536.4,547,535.68,545.75,1847952
8/16/2022 15:59:59,551.1,559.97,548.97,553.02,2497958
8/17/2022 15:59:59,550,559.45,549.01,556.32,1835240
8/18/2022 15:59:59,559.06,564.75,556.42,560.96,1619184
8/19/2022 15:59:59,558.65,559.26,553.17,554.53,1616955
8/22/2022 15:59:59,553,553,544.29,545.47,1860941
8/23/2022 15:59:59,545.74,546.01,536.88,542.07,1358979
8/24/2022 15:59:59,542.75,545.22,539.36,543.22,1145789
8/25/2022 15:59:59,545.74,550.91,539.55,550.77,1483254
8/26/2022 15:59:59,550,552.67,531.67,531.82,1886777
8/29/2022 15:59:59,527.03,535.5,524,531.06,1579865
8/30/2022 15:59:59,534.28,536.01,521.51,524.14,1872679
8/31/2022 15:59:59,525.54,526.32,520.26,522.1,2179809
9/1/2022 15:59:59,519.72,529.58,517.03,529.17,2280642
9/2/2022 15:59:59,532.7,534.84,516.05,519.11,1901738
9/6/2022 15:59:59,520.16,523.15,512.53,518.9,1933504
9/7/2022 15:59:59,520,531.66,518.9,529.64,1827910
9/8/2022 15:59:59,524.33,533.03,521.56,529.12,1600759
9/9/2022 15:59:59,532.12,538.06,529.53,536.58,1931148
9/12/2022 15:59:59,537.73,542.6,537,539.52,1522447
9/13/2022 15:59:59,530.79,532.24,508.69,510.3,2881436
9/14/2022 15:59:59,513.86,514.01,503.12,508,2007258
9/15/2022 15:59:59,508.4,509.06,500.53,503.5,1749609
9/16/2022 15:59:59,499.57,506.44,497.3,504.14,3004815
9/19/2022 15:59:59,502.16,506.71,498.89,506.57,1441346
9/20/2022 15:59:59,503,503.43,493.42,499.52,1843072
9/21/2022 15:59:59,502.5,506.43,493,493.07,2082552
9/22/2022 15:59:59,494,494,484.41,487.17,3133113
9/23/2022 15:59:59,478.94,482.32,463.53,466.4,5377805
9/26/2022 15:59:59,465.87,484.11,465.21,480.3,4001938
9/27/2022 15:59:59,485.49,488.4,475.43,478.3,2412425
9/28/2022 15:59:59,481.53,491.55,474.19,488.29,2419497
9/29/2022 15:59:59,485.61,489.01,474.07,478.98,1963927
9/30/2022 15:59:59,480.66,483.83,471.87,472.27,2436707
10/3/2022 15:59:59,474.5,480.84,470.4,477.73,2338532
10/4/2022 15:59:59,483.83,488.02,480.73,486.13,2175570
10/5/2022 15:59:59,481.3,483.87,474.82,480.32,1587657
10/6/2022 15:59:59,483.45,493.88,481.92,482.49,2430699
10/7/2022 15:59:59,478.26,479.11,466.12,468.15,2568079
10/10/2022 15:59:59,469.69,470.25,461.61,466.31,1616272
10/11/2022 15:59:59,465,477.25,463.7,472.02,2341373
10/12/2022 15:59:59,474.32,479.74,466.3,466.38,2043932
10/13/2022 15:59:59,458.19,471.74,449.03,467.99,3390881
10/14/2022 15:59:59,472.03,473.39,453.79,454.65,2304733
10/17/2022 15:59:59,461.65,466.88,460.48,464.17,2097535
10/18/2022 15:59:59,473.2,476.52,468.83,473.27,1863980
10/19/2022 15:59:59,467.81,474.87,466.95,471.43,1207647
10/20/2022 15:59:59,471,472.08,462.91,464.62,1709509
10/21/2022 15:59:59,463.71,479.57,462.28,478.18,2508437
10/24/2022 15:59:59,481.61,498,481.01,496.97,2366235
10/25/2022 15:59:59,493.32,500.19,490.5,499.06,2130859
10/26/2022 15:59:59,498,507.42,495.69,499.45,2089915
10/27/2022 15:59:59,499.81,503.01,494.14,496.54,1576567
10/28/2022 15:59:59,497.3,512.82,495.97,510.87,2369348
10/31/2022 15:59:59,509.64,509.64,500.5,501.5,2192211
11/1/2022 15:59:59,503.7,507.39,499.78,499.96,1586311
11/2/2022 15:59:59,497.8,503.24,483.27,483.51,2467966
11/3/2022 15:59:59,480.88,491.33,479.71,486.29,2010383
11/4/2022 15:59:59,490.4,492.63,476.49,486.41,1987258
11/7/2022 15:59:59,477.05,490,474.5,488.55,2036031
11/8/2022 15:59:59,490.73,498.26,484.51,492.76,1709907
11/9/2022 15:59:59,491.9,497.58,486.86,489.97,1640520
11/10/2022 15:59:59,504.95,514.85,501.4,513.13,3098317
11/11/2022 15:59:59,513.13,516.84,506.71,515.47,2393502
11/14/2022 15:59:59,515.77,520.7,509.42,509.68,1820240
11/15/2022 15:59:59,520,529.8,520,526.47,2502189
11/16/2022 15:59:59,521.31,528.56,520.17,524.11,1833590
11/17/2022 15:59:59,519,521.79,512.96,521.32,1903715
11/18/2022 15:59:59,526.87,529.54,518.19,523.67,1584684
11/21/2022 15:59:59,525.74,527.28,522.08,523.37,1268524
11/22/2022 15:59:59,529.96,532.8,526.68,531.95,1809067
11/23/2022 15:59:59,534,536.8,530.4,534.49,1288249
11/25/2022 13:04:59,534.16,535.86,533.07,533.66,744222
11/28/2022 15:59:59,530.89,536.25,528.94,530.92,1684701
11/29/2022 15:59:59,531.04,533.72,528,528.96,1685739
11/30/2022 15:59:59,527.41,542.58,522.14,539.25,3601779
12/1/2022 15:59:59,519.14,519.14,495.67,503.86,6970367
12/2/2022 15:59:59,498.52,498.97,492.11,494.53,3632096
12/5/2022 15:59:59,492.5,492.7,484.73,488.66,2455346
12/6/2022 15:59:59,490.66,491.47,477.17,481.16,2995894
12/7/2022 15:59:59,479.09,486.54,478.87,481.97,2072597
12/8/2022 15:59:59,482.9,483.33,473.5,481.42,2901019
12/9/2022 15:59:59,475.1,490.09,470.5,483.02,4211132
12/12/2022 15:59:59,482.73,487.82,480.67,487.68,2276351
12/13/2022 15:59:59,497.04,497.97,481.55,488.2,2626732
12/14/2022 15:59:59,488.86,491.69,481.04,483.52,2145018
12/15/2022 15:59:59,475.34,476.7,463.16,463.91,3439381
12/16/2022 15:59:59,461.26,464.79,456.88,461.45,4909204
12/19/2022 15:59:59,460.92,463.41,455.36,458.63,1939248
12/20/2022 15:59:59,456.56,460.25,452.53,457.82,1993675
12/21/2022 15:59:59,459.38,463.69,456.2,462.06,1462351
12/22/2022 15:59:59,458.65,460.4,453.39,458.71,1907717
12/23/2022 15:59:59,457.52,463.18,454.8,462.65,1229523
12/27/2022 15:59:59,464.4,464.7,457.11,458.5,1230839
12/28/2022 15:59:59,457.54,460.46,452.8,452.99,1324141
12/29/2022 15:59:59,455.63,459,453.46,456.53,1464967
12/30/2022 15:59:59,454.65,456.7,450.75,456.5,1803243
1/3/2023 15:59:59,458,458.8,447.9,453.28,1978075
1/4/2023 15:59:59,457.18,459.51,452.59,456.56,2097322
1/5/2023 15:59:59,454.54,456.43,449.62,450.19,2169298
1/6/2023 15:59:59,463.08,484.42,462.22,482.87,5174491
1/9/2023 15:59:59,482.93,486.87,478.14,478.75,2384764
1/10/2023 15:59:59,477.14,482.09,475.48,481.4,1649860
1/11/2023 15:59:59,480.33,484.52,479.11,484.31,1576394
1/12/2023 15:59:59,484.99,485,478.75,482.43,1628205
1/13/2023 15:59:59,480.89,485.59,479,485.25,1405912
1/17/2023 15:59:59,485.13,490.48,484.37,486.77,1539915
1/18/2023 15:59:59,484.81,488.81,478.52,479.47,1925470
1/19/2023 15:59:59,476.24,477.56,468.07,469.49,1919451
1/20/2023 15:59:59,473.92,480.32,469.47,480.11,2588637
1/23/2023 15:59:59,479.95,495.24,477.6,492.61,2709439
1/24/2023 15:59:59,492.05,493.6,487.01,492.11,1510226
1/25/2023 15:59:59,489.36,491.94,484.5,490.88,1329768
1/26/2023 15:59:59,493.2,498.67,491.77,498.3,1576405
1/27/2023 15:59:59,499.76,509.1,497.86,503.29,2034069
1/30/2023 15:59:59,500.37,505.6,500.37,503.28,1855941
1/31/2023 15:59:59,503.23,511.41,502,511.14,1924081
2/1/2023 15:59:59,508.31,520.45,504.72,517.91,2080208
2/2/2023 15:59:59,524.29,530.05,520.64,523.43,2287366
2/3/2023 15:59:59,519.13,521.55,512.5,514.8,1844148
2/6/2023 15:59:59,514.44,517.22,512.27,515.59,1740105
2/7/2023 15:59:59,511.99,517.99,507.39,516.53,1927275
2/8/2023 15:59:59,511.29,512.18,501.56,503.81,2062928
2/9/2023 15:59:59,505.29,509.16,498.42,500.63,1517341
2/10/2023 15:59:59,498.51,500.55,495.38,499.99,1536847
2/13/2023 15:59:59,501.74,506.79,501.35,506.45,1452837
2/14/2023 15:59:59,505.01,507.85,498.63,503.22,1257327
2/15/2023 15:59:59,502.73,511.42,501.34,511.28,1423417
2/16/2023 15:59:59,503.61,510.73,503.6,504.1,1455951
2/17/2023 15:59:59,504.27,507.71,501.84,507.48,1340437
2/21/2023 15:59:59,500.82,503.99,496.55,501.74,1811982
2/22/2023 15:59:59,503.92,505.46,496.6,497.39,1331969
2/23/2023 15:59:59,498.8,498.86,487.86,493.14,1546431
2/24/2023 15:59:59,488.58,490.36,484.7,488.61,1587611
2/27/2023 15:59:59,492.55,493,485.68,487.03,1501749
2/28/2023 15:59:59,485.6,488.88,483.78,484.18,1918221
3/1/2023 15:59:59,481.1,482.58,475.02,478.67,1759327
3/2/2023 15:59:59,477.36,487.43,475.56,485.69,2407400
3/3/2023 15:59:59,474.83,476,465.33,475.26,5354214
3/6/2023 15:59:59,476.52,488.82,475.52,483.08,3104742
3/7/2023 15:59:59,486.1,495.21,485,485.15,2659077
3/8/2023 15:59:59,483,486.88,481.14,486.04,1548504
3/9/2023 15:59:59,487.48,490,478.62,479.52,1629402
3/10/2023 15:59:59,478.98,480.46,468.38,471.14,2123002
3/13/2023 15:59:59,466.8,476.69,466.8,472,1799597
3/14/2023 15:59:59,475.43,485.16,473,481.92,2422900
3/15/2023 15:59:59,481.51,487.02,478.54,485.66,2226309
3/16/2023 15:59:59,484.93,488.14,482.76,487.26,1980652
3/17/2023 15:59:59,489.07,489.9,481.51,487.05,3959291
3/20/2023 15:59:59,488,490.79,485.72,489.29,1624017
3/21/2023 15:59:59,493,493,485.99,490.85,1663959
3/22/2023 15:59:59,489.46,496.62,487.35,487.52,1299654
3/23/2023 15:59:59,490.69,493.25,484.29,487.76,1566000
3/24/2023 15:59:59,486.94,495.97,486.56,495.27,1636784
3/27/2023 15:59:59,497.28,499.86,492.51,493.22,1452077
3/28/2023 15:59:59,492.61,494.06,485.41,486.77,1407839
3/29/2023 15:59:59,489.2,491.3,485.9,490.87,1642982
3/30/2023 15:59:59,493,495.74,491,491.48,1545533
3/31/2023 15:59:59,495,498.36,493.94,496.87,2082044
4/3/2023 15:59:59,496.5,499.2,495,497.03,1804653
4/4/2023 15:59:59,496.5,502.58,495.5,497.73,1913281
4/5/2023 15:59:59,499,504.13,495.16,497.13,1941503
4/6/2023 15:59:59,482,487.85,477.5,485.98,4114702
4/10/2023 15:59:59,483.9,493.9,481.66,493.83,1653593
4/11/2023 15:59:59,493.83,499.99,493,498.65,1547381
4/12/2023 15:59:59,500,500.05,488.54,489.35,2063696
4/13/2023 15:59:59,493.49,498.44,490.31,497.89,1600513
4/14/2023 15:59:59,496.19,500.37,490.16,491.3,1675297
4/17/2023 15:59:59,492.77,497.89,491.15,493.94,1411760
4/18/2023 15:59:59,496.1,497.63,494.12,496.9,1339585
4/19/2023 15:59:59,497.13,497.99,493.83,496.03,1098758
4/20/2023 15:59:59,495.75,510.66,495.51,505.58,2936493
4/21/2023 15:59:59,509.37,510.64,505.46,506.35,1508643
4/24/2023 15:59:59,506.1,511.69,505.81,511.42,1374117
4/25/2023 15:59:59,511.13,513.13,502.26,503.17,1789883
4/26/2023 15:59:59,500.42,502.87,493.39,494.66,1441855
4/27/2023 15:59:59,494.83,502.26,494.83,501.27,1361583
4/28/2023 15:59:59,501.56,504.83,500.64,503.22,1170249
5/1/2023 15:59:59,499.15,500.05,488.8,493.59,2203182
5/2/2023 15:59:59,495,495.68,489.81,494.81,1940805
5/3/2023 15:59:59,496.6,498.78,489.66,490.06,1426432
5/4/2023 15:59:59,488.94,490.91,485.93,490.34,1487048
5/5/2023 15:59:59,493.2,499.4,492.98,499.06,1709239
5/8/2023 15:59:59,497.37,500.25,495.7,499.06,1015210
5/9/2023 15:59:59,496.96,501.74,496.39,500.79,1571815
5/10/2023 15:59:59,501.95,504.97,495.1,499.66,1257622
5/11/2023 15:59:59,499.51,503,497.55,501.89,1046730
5/12/2023 15:59:59,503.17,506.03,501.2,504.07,1472794
5/15/2023 15:59:59,504.01,505,498.86,502.04,1135682
5/16/2023 15:59:59,500,500.29,494.3,496.15,1230357
5/17/2023 15:59:59,498,498.01,491.9,495,2069473
5/18/2023 15:59:59,495,498.6,494.08,498.1,2298859
5/19/2023 15:59:59,499.39,499.39,493.92,496.52,1635036
5/22/2023 15:59:59,497,497,488.54,491.87,1943758
5/23/2023 15:59:59,487.17,487.17,482.97,484.87,1800161
5/24/2023 15:59:59,487.25,487.25,480.91,482.76,1600596
5/25/2023 15:59:59,480.21,488.54,476.75,486.55,3421937
5/26/2023 15:59:59,485.65,510.75,484.12,507.26,5302638
5/30/2023 15:59:59,509.79,514.79,501.59,508.03,2544804
5/31/2023 15:59:59,508.86,513.87,504.95,511.56,3320765
6/1/2023 15:59:59,509.33,513.74,502.1,512.6,2407734
6/2/2023 15:59:59,510.32,518.5,509.4,512.59,2284798
6/5/2023 15:59:59,512.59,518.92,512.02,518.25,2023528
6/6/2023 15:59:59,518.25,518.63,512.76,516.26,1410270
6/7/2023 15:59:59,514.51,519.29,510.57,511.23,1784661
6/8/2023 15:59:59,512.5,520.29,512.5,520.09,1530979
6/9/2023 15:59:59,518.19,522.06,515.5,517.28,1287649
6/12/2023 15:59:59,517.28,521.27,516,520.97,1405065
6/13/2023 15:59:59,522.02,522.95,517.91,522.02,1204672
6/14/2023 15:59:59,525,527.85,523.14,527.2,1841361
6/15/2023 15:59:59,529,531.26,526.66,529.18,1871610
6/16/2023 15:59:59,530.1,530.42,522.63,523.65,3147777
6/20/2023 15:59:59,521.95,522.9,518.14,519.7,1684741
6/21/2023 15:59:59,517.91,521.64,516.54,519.62,1273579
6/22/2023 15:59:59,520.69,524.68,519.68,524.2,1114175
6/23/2023 15:59:59,523.13,525.4,519.34,524.44,1434348
6/26/2023 15:59:59,524.4,524.87,521.26,523.42,1278456
6/27/2023 15:59:59,522.65,532.41,522.1,530.33,1673558
6/28/2023 15:59:59,528.98,533.49,528.61,532.8,1245157
6/29/2023 15:59:59,530.58,532.45,528.95,531.69,1121756
6/30/2023 15:59:59,534.17,539.56,533.63,538.38,2222116
7/3/2023 13:04:59,537.25,541.08,534.34,541.04,951399
7/5/2023 15:59:59,541.22,546.05,537.5,541.13,1632415
7/6/2023 15:59:59,538.88,540.3,536.58,537.37,1752931
7/7/2023 15:59:59,533.89,536.46,524.63,525.05,2740555
7/10/2023 15:59:59,525.06,531.15,525.06,527.01,1955628
7/11/2023 15:59:59,527.5,530.76,526.15,529.64,1262318
7/12/2023 15:59:59,532,540.11,531.11,538,1960548
7/13/2023 15:59:59,537.8,539.12,532.79,538.45,1647200
7/14/2023 15:59:59,538.71,546.86,538.1,546.7,1828704
7/17/2023 15:59:59,546.18,554.21,546.1,552.96,1910253
7/18/2023 15:59:59,552.67,555,549.39,553.59,1779168
7/19/2023 15:59:59,554.48,555.89,552.02,554.11,1261093
7/20/2023 15:59:59,553.81,561.07,553.71,556.96,1732780
7/21/2023 15:59:59,559.17,562.05,557.45,557.86,5264337
7/24/2023 15:59:59,558,566.57,555.88,563.93,2087252
7/25/2023 15:59:59,566.77,567.55,564.3,565.19,1602739
7/26/2023 15:59:59,565.51,568.03,563.42,566.17,1306402
7/27/2023 15:59:59,567.72,571.16,560.6,561.83,1485269
7/28/2023 15:59:59,564.58,567.81,562.62,563.32,1371583
7/31/2023 15:59:59,563,564.29,559.05,560.67,1366148
8/1/2023 15:59:59,560.63,562.88,554.54,555.47,1446026
8/2/2023 15:59:59,552.26,556.63,551.02,552.35,1636012
8/3/2023 15:59:59,553.53,560.35,552.22,557.69,1464010
8/4/2023 15:59:59,561.07,561.29,551.41,552.04,1141952
8/7/2023 15:59:59,554.99,559.56,554.99,558.41,1015378
8/8/2023 15:59:59,558,558.9,551.84,556.12,1020524
8/9/2023 15:59:59,557.98,562.09,556.81,559.7,1471780
8/10/2023 15:59:59,563.2,569.21,560.7,561.49,1107233
8/11/2023 15:59:59,560.35,565,559.03,562.96,1043176
8/14/2023 15:59:59,564.77,567.71,560.44,561.47,1247567
8/15/2023 15:59:59,561.05,565.16,558.2,558.51,1124458
8/16/2023 15:59:59,561.7,564.95,558.72,559.05,1340290
8/17/2023 15:59:59,559.47,560.42,545.08,547.11,1941923
8/18/2023 15:59:59,546.92,549.47,543.11,544.94,1878090
8/21/2023 15:59:59,543.86,545.15,536.3,543.21,2076349
8/22/2023 15:59:59,541.96,541.96,537.5,538.37,1286150
8/23/2023 15:59:59,538.96,541.17,536.24,540.86,1295812
8/24/2023 15:59:59,539.29,541,530.82,531.71,1587505
8/25/2023 15:59:59,532.91,535.79,530.56,534.01,1511474
8/28/2023 15:59:59,536,537.04,533.12,536.19,945776
8/29/2023 15:59:59,534.34,543.07,534.34,542.77,1468521
8/30/2023 15:59:59,542.73,544.42,539.31,542.26,1292815
8/31/2023 15:59:59,540,552.2,540,549.28,2086507
9/1/2023 15:59:59,553.07,553.48,540.64,544.25,1437729
9/5/2023 15:59:59,545.73,549.19,544,544.73,1714296
9/6/2023 15:59:59,541.72,548.68,540.18,546.69,1476602
9/7/2023 15:59:59,548.65,550.99,544.29,548.62,1340191
9/8/2023 15:59:59,549.07,552.38,548.1,551.19,1077496
9/11/2023 15:59:59,552.81,559.39,551.86,558.78,1388639
9/12/2023 15:59:59,559.28,560.4,556.18,558.79,1055620
9/13/2023 15:59:59,558.3,560.44,554.62,559.76,1162710
9/14/2023 15:59:59,564.81,566.7,560.25,564.77,1257325
9/15/2023 15:59:59,565.33,565.51,555.54,556.36,2945317
9/18/2023 15:59:59,558.18,564.19,557.47,562.72,1003221
9/19/2023 15:59:59,561.64,565.33,559.43,564.35,1145422
9/20/2023 15:59:59,564.35,569.22,562.66,563.83,1312150
9/21/2023 15:59:59,564.07,564.57,554.28,555.08,1688396
9/22/2023 15:59:59,555.16,562.97,554.78,558.59,1527941
9/25/2023 15:59:59,559.49,561.27,554.74,558.62,1313326
9/26/2023 15:59:59,559.15,561.37,552,552.96,2425106
9/27/2023 15:59:59,547.38,566.5,544.73,563.53,4591429
9/28/2023 15:59:59,564.07,572.18,564.07,568.63,2192427
9/29/2023 15:59:59,570,570.99,560.7,564.96,1887507
10/2/2023 15:59:59,567.91,571.74,564,571.31,1831713
10/3/2023 15:59:59,571.1,576.19,563.01,565.04,2007373
10/4/2023 15:59:59,569.49,572.61,563.76,571.8,1798756
10/5/2023 15:59:59,572.17,574.75,564.36,569.52,1579732
10/6/2023 15:59:59,566.09,566.95,542.63,557.53,4246692
10/9/2023 15:59:59,555,559.75,549.78,558.97,1781511
10/10/2023 15:59:59,559.92,566.95,557.24,562.09,2176975
10/11/2023 15:59:59,564.85,566.5,560.2,565.52,1449996
10/12/2023 15:59:59,568.05,569.14,562.38,563.78,1457979
10/13/2023 15:59:59,563.85,567.44,561.98,566.84,1244163
10/16/2023 15:59:59,569.69,574.1,568.52,572.24,1428517
10/17/2023 15:59:59,571.94,576.06,570.71,574.34,1404801
10/18/2023 15:59:59,573.92,577.3,572,574.64,1311893
10/19/2023 15:59:59,573.7,575.85,564.11,565.63,2019564
10/20/2023 15:59:59,566.54,566.67,552.01,552.93,2295445
10/23/2023 15:59:59,554.14,556.92,546.63,552.29,1776509
10/24/2023 15:59:59,552.1,555.99,549.33,551.84,1678622
10/25/2023 15:59:59,548.55,553.83,545.61,549.99,1757470
10/26/2023 15:59:59,549.65,554.66,545.53,547.6,1925263
10/27/2023 15:59:59,547.6,548.03,540.23,543.03,1503322
10/30/2023 15:59:59,545.74,556.36,543.64,554.88,1696182
10/31/2023 15:59:59,552.16,554.03,549.06,552.44,1394661
11/1/2023 15:59:59,555,558.44,549.65,556.8,1735315
11/2/2023 15:59:59,556.5,559.51,552.01,555.97,2100573
11/3/2023 15:59:59,557.33,562.99,555.23,560.9,1826753
11/6/2023 15:59:59,560.49,572.65,560.13,569.82,2056898
11/7/2023 15:59:59,572.5,573.89,569.56,571.27,1373229
11/8/2023 15:59:59,572.12,572.99,564.29,567.38,1343554
11/9/2023 15:59:59,569,569,562.01,563.27,1288443
11/10/2023 15:59:59,567.9,577.89,564.94,577.12,1909263
11/13/2023 15:59:59,575,579.95,573.49,578.23,1650942
11/14/2023 15:59:59,581.74,591.55,581.21,590.8,2037639
11/15/2023 15:59:59,593.99,599.89,593.39,596.78,2165104
11/16/2023 15:59:59,586.38,586.59,572.24,578.58,2954653
11/17/2023 15:59:59,578.9,579.92,574.06,577.15,1774272
11/20/2023 15:59:59,577.34,582.32,577.34,580.8,1624460
11/21/2023 15:59:59,582,584.95,577.71,584.3,1173710
11/22/2023 15:59:59,586.85,591.14,586.35,589.08,1068932
11/24/2023 13:04:59,591.02,594.2,590.41,591.36,645766
11/27/2023 15:59:59,592.52,599.94,592.41,594.9,1627378
11/28/2023 15:59:59,593.19,597.42,591.42,594,1286847
11/29/2023 15:59:59,595.2,595.21,587.42,587.86,1319844
11/30/2023 15:59:59,587.83,593.07,582.83,592.74,1755214
12/1/2023 15:59:59,593.28,596.35,590.59,596.25,1475343
12/4/2023 15:59:59,592.15,599.53,591.46,599.08,1624045
12/5/2023 15:59:59,598.53,608.88,597.03,605.35,2349732
12/6/2023 15:59:59,605.5,608.48,603.86,607.43,2234139
12/7/2023 15:59:59,610,612.35,606.35,610.95,1690366
12/8/2023 15:59:59,608.6,613.61,607.73,610.78,1502329
12/11/2023 15:59:59,621.97,625.03,618.76,623.86,2139261
12/12/2023 15:59:59,627.44,629.69,623.21,629.5,2374394
12/13/2023 15:59:59,633.92,642.6,631,642,2436857
12/14/2023 15:59:59,641.18,641.9,630.3,630.78,3839180
12/15/2023 15:59:59,641.5,661.88,640.5,658.82,8807735
12/18/2023 15:59:59,664.5,681.91,661.1,681.24,5733447
12/19/2023 15:59:59,675,680.8,669.12,677.74,3437331
12/20/2023 15:59:59,671.79,674.35,660.8,661,3782659
12/21/2023 15:59:59,665.86,667.34,659.45,665.16,2388448
12/22/2023 15:59:59,668,673.27,666,671.6,1641675
12/26/2023 15:59:59,673.01,675.86,670.78,674.62,1774769
12/27/2023 15:59:59,662.7,668.58,660.4,666.8,1875928
12/28/2023 15:59:59,665.85,666.86,661.59,663.1,1496929
12/29/2023 15:59:59,661,663.19,657.16,660.08,1947516
1/2/2024 15:59:59,655.58,657.8,649.5,650.65,2657689
1/3/2024 15:59:59,651.21,655.45,643.1,644.69,2612563
1/4/2024 15:59:59,642.08,649.9,640.51,648.35,2171077
1/5/2024 15:59:59,656.18,659.65,652.24,656.01,2233451
1/8/2024 15:59:59,655.81,662.08,654.03,661.69,2245294
1/9/2024 15:59:59,658.88,667.29,658.26,667.18,1886171
1/10/2024 15:59:59,669.56,673.83,669.01,672.76,1801881
1/11/2024 15:59:59,671,674.51,667.64,673.58,1670780
1/12/2024 15:59:59,677.5,683.72,676.11,683.24,2388399
1/16/2024 15:59:59,683.24,686.52,678.16,681.49,1626699
1/17/2024 15:59:59,680.5,684.87,679.19,684.19,1786799
1/18/2024 15:59:59,682.83,687.72,680.21,687.31,1900615
1/19/2024 15:59:59,688.5,696.13,682.67,694.97,2267866
1/22/2024 15:59:59,695.43,698.66,690.52,692.51,2452868
1/23/2024 15:59:59,690.72,691.63,684.63,687.59,2208580
1/24/2024 15:59:59,689,689.97,683.12,686.51,1946549
1/25/2024 15:59:59,686.5,686.5,675.96,679.9,2751888
1/26/2024 15:59:59,680.08,687.24,679.5,686.88,1825517
1/29/2024 15:59:59,689.9,694.13,686.26,694.01,2215436
1/30/2024 15:59:59,692.94,702.65,690.8,700.74,1610482
1/31/2024 15:59:59,701.32,705.52,693.04,694.88,1928495
2/1/2024 15:59:59,694,705.3,691.5,704.48,2039177
2/2/2024 15:59:59,703.34,714.28,702.26,709.48,2377629
2/5/2024 15:59:59,710.64,712.86,705.68,711.16,2276889
2/6/2024 15:59:59,711.23,712.72,704.34,710.79,1920162
2/7/2024 15:59:59,714.15,723.32,712,719.78,2145467
2/8/2024 15:59:59,723.89,728.17,720.66,724.16,1918506
2/9/2024 15:59:59,725.14,725.53,720.12,723.4,1426119
2/12/2024 15:59:59,723.52,723.8,715.3,722.41,1572611
2/13/2024 15:59:59,721.39,721.78,709.04,714.25,1951080
2/14/2024 15:59:59,716,722.55,711.07,722.18,1472519
2/15/2024 15:59:59,721.49,726.03,718.28,724.51,1264141
2/16/2024 15:59:59,721.99,729.06,718.5,723.99,1764947
2/20/2024 15:59:59,728.03,734.96,723.71,725.69,2407333
2/21/2024 15:59:59,725.69,728.79,720.27,723.02,1565913
2/22/2024 15:59:59,725.85,736.05,725.85,734.4,1801596
2/23/2024 15:59:59,740.12,742.51,737.12,737.93,1265759
2/26/2024 15:59:59,742,746.78,739,745.35,1707046
2/27/2024 15:59:59,746,746.64,741.33,744.71,1471310
2/28/2024 15:59:59,743.21,751.88,743.21,747.96,1364965
2/29/2024 15:59:59,751.42,752.56,742.99,743.89,3361185
3/1/2024 15:59:59,740.44,751.38,739.25,749.44,1678119
3/4/2024 15:59:59,755.08,764.74,753.67,759.18,2133354
3/5/2024 15:59:59,768.42,769.27,756.9,759.95,2353351
3/6/2024 15:59:59,764.84,775.16,763.66,773.24,2400644
3/7/2024 15:59:59,779.11,787.08,777.01,785.59,4187879
3/8/2024 15:59:59,756.05,756.22,725.1,725.56,8590163
3/11/2024 15:59:59,719.81,720,711.01,714.08,3762489
3/12/2024 15:59:59,717.08,740.05,716.91,736.88,3727425
3/13/2024 15:59:59,735,736.5,726.58,734.2,2270262
3/14/2024 15:59:59,738.33,740.68,728.99,731.95,1826066
3/15/2024 15:59:59,732.52,732.52,723.22,725.63,3390743
3/18/2024 15:59:59,726.1,733.34,726.02,731.54,1595245
3/19/2024 15:59:59,731.79,735.35,730.02,732.17,1322684
3/20/2024 15:59:59,731,742.09,729.13,740.72,1398710
3/21/2024 15:59:59,743.5,752.31,741.1,742.56,2106857
3/22/2024 15:59:59,744.43,744.79,734.38,734.8,1794078
3/25/2024 15:59:59,731,734.16,726.74,730.96,1604668
3/26/2024 15:59:59,731,734.7,730.22,730.98,1353548
3/27/2024 15:59:59,734,735.89,727.75,732.08,1246672
3/28/2024 15:59:59,733.85,734.9,728.32,732.63,1713268
4/1/2024 15:59:59,731.76,733.27,720.2,721.24,1600705
4/2/2024 15:59:59,720,720,708.4,711.3,2326670
4/3/2024 15:59:59,709.98,710.81,697.27,705.69,3205499
4/4/2024 15:59:59,708.77,717.13,704.22,704.88,2252433
4/5/2024 15:59:59,706.04,716.89,706.02,713.72,1552889
4/8/2024 15:59:59,713.51,716.14,710.87,711.81,1459032
4/9/2024 15:59:59,716.24,719.05,706.98,718.59,1388289
4/10/2024 15:59:59,711,723.98,708.95,722.58,1832047
4/11/2024 15:59:59,731.5,733.79,724.15,732.35,2107799
4/12/2024 15:59:59,728,732.9,726.54,731.31,1481799
4/15/2024 15:59:59,735.43,741,717.95,718.28,1808014
4/16/2024 15:59:59,718.3,722.5,712.13,715.97,1412304
4/17/2024 15:59:59,723,723.8,711,715.19,1376665
4/18/2024 15:59:59,715.19,718.95,709.57,711.25,1846393
4/19/2024 15:59:59,713.03,714.87,702,709.51,2190356
4/22/2024 15:59:59,714.86,718.26,706.17,715.46,1437110
4/23/2024 15:59:59,719.03,724.27,716.3,722.68,1176191
4/24/2024 15:59:59,719.71,725.43,716.09,723.89,1206638
4/25/2024 15:59:59,727.29,727.29,714.41,721.86,1613597
4/26/2024 15:59:59,715,730.95,715,729.18,1524431
4/29/2024 15:59:59,729.53,732.25,720.22,726.33,1526906
4/30/2024 15:59:59,725.51,725.51,717.1,722.9,1734764
5/1/2024 15:59:59,722.27,729.86,715.32,722.22,1609060
5/2/2024 15:59:59,724.75,734.4,720.63,732.44,1826910
5/3/2024 15:59:59,734.28,747.49,733.35,743.9,2323300
5/6/2024 15:59:59,749.59,756.94,746.48,756.45,1773298
5/7/2024 15:59:59,758.69,772.24,755.57,771.31,1897769
5/8/2024 15:59:59,770,773.39,762.71,763.41,1511930
5/9/2024 15:59:59,763.8,779.71,763.61,779.04,1716249
5/10/2024 15:59:59,779.04,787.45,778.16,787.19,1652658
5/13/2024 15:59:59,788,789.48,773.58,775.15,1596784
5/14/2024 15:59:59,774.93,780.81,771.43,777.9,1327707
5/15/2024 15:59:59,778.52,789.66,778.52,787.04,1661652
5/16/2024 15:59:59,791.81,804.56,787.83,793.07,2000002
5/17/2024 15:59:59,793.61,797.6,790.61,795.81,1309108
5/20/2024 15:59:59,795.25,802.98,792.39,793,1347079
5/21/2024 15:59:59,795.57,801.44,792,800.93,1375735
5/22/2024 15:59:59,800.04,806.35,798.01,801.86,1192763
5/23/2024 15:59:59,804.3,808.05,795.43,796.34,1519159
5/24/2024 15:59:59,800.63,816.87,799.09,809.73,1622970
5/28/2024 15:59:59,809.74,815.29,804.72,813.17,1986260
5/29/2024 15:59:59,807.02,813.44,806.29,806.52,2282792
5/30/2024 15:59:59,810.2,819.5,808.3,815.34,2288522
5/31/2024 15:59:59,809.03,811.74,788.2,809.89,4360692
6/3/2024 15:59:59,811,827.91,807.13,815.39,2008733
6/4/2024 15:59:59,814.98,828.01,813.04,827.39,1754454
6/5/2024 15:59:59,830.91,834.39,821.68,834.3,2080014
6/6/2024 15:59:59,835.42,849.09,834.32,842.64,1734991
6/7/2024 15:59:59,846.68,850.38,842.29,845.58,1593589
6/10/2024 15:59:59,847.18,849.48,842.74,848.34,1402332
6/11/2024 15:59:59,849.24,850.94,840.26,849.31,1690514
6/12/2024 15:59:59,852.31,855.74,843.61,847.81,1838255
6/13/2024 15:59:59,847.81,847.81,837.55,845.96,1322381
6/14/2024 15:59:59,843.42,856.18,841.91,855.67,1395485
6/17/2024 15:59:59,854.49,870.56,853.37,867.91,1904926
6/18/2024 15:59:59,868,873.96,867.7,870.75,1763802
6/20/2024 15:59:59,871.31,873.85,860.56,862.44,1944601
6/21/2024 15:59:59,866.64,866.97,847.65,848.31,3852859
6/24/2024 15:59:59,850,850.63,841.51,848.16,1722886
6/25/2024 15:59:59,849.32,855.69,845,855.51,1675700
6/26/2024 15:59:59,852.72,859.74,850.06,856.84,1505286
6/27/2024 15:59:59,857.71,858.33,848.64,850.62,1254904
6/28/2024 15:59:59,851.25,857.24,846.81,849.99,2131691
7/1/2024 15:59:59,853.5,856,840.5,845.67,1989003
7/2/2024 15:59:59,845.69,860.36,843.08,859.36,1377857
7/3/2024 13:04:59,855,863.52,855,862.66,814423
7/5/2024 15:59:59,864.56,886.94,858.72,885.67,2620714
7/8/2024 15:59:59,886.79,887.95,877.66,880.84,1611317
7/9/2024 15:59:59,883.85,896.67,882.97,886.85,1358498
7/10/2024 15:59:59,887.4,890.27,880.7,884.31,1755823
7/11/2024 15:59:59,890.76,890.76,846.52,846.59,6021054
7/12/2024 15:59:59,849.89,850,838.38,842.9,3288384
7/15/2024 15:59:59,846.86,857.9,844.67,848.73,2064036
7/16/2024 15:59:59,847.8,851.24,841.34,850.77,1687592
7/17/2024 15:59:59,848.01,849.95,842.65,846.28,1783079
7/18/2024 15:59:59,849.43,855.3,825.11,839.37,2338477
7/19/2024 15:59:59,836.51,848.88,835.56,838.13,1984385
7/22/2024 15:59:59,845.75,849.59,838.6,847.42,1920228
7/23/2024 15:59:59,848.9,854.58,845.58,852.11,1744123
7/24/2024 15:59:59,844.6,846,829.5,830.82,2511321
7/25/2024 15:59:59,835.79,836.65,814.28,815.95,2183740
7/26/2024 15:59:59,818,822.28,809.01,817.6,1441455
7/29/2024 15:59:59,822.56,823.74,814.09,815.56,1320420
7/30/2024 15:59:59,818,822,803.28,810.03,2017248
7/31/2024 15:59:59,820.42,825.48,811.27,822,2135049
8/1/2024 15:59:59,818.55,824.17,809.68,816.89,1861405
8/2/2024 15:59:59,816.2,830.29,805.01,822.08,2598467
8/5/2024 15:59:59,798,810.82,793,801.83,2820885
8/6/2024 15:59:59,805.06,833.09,805.06,816.88,2476255
8/7/2024 15:59:59,824.11,833.83,809.26,810.3,1702040
8/8/2024 15:59:59,821.5,842.76,820.45,839.43,2345030
8/9/2024 15:59:59,838.5,857.77,837.63,854.93,1710588
8/12/2024 15:59:59,857.25,870.25,852.4,863.57,1748173
8/13/2024 15:59:59,864.92,868.05,856.16,864.82,1484055
8/14/2024 15:59:59,864.87,866.73,858.5,862.71,1341493
8/15/2024 15:59:59,872.87,880.33,869,877.35,1923809
8/16/2024 15:59:59,877.35,877.35,868.62,870.59,1516332
8/19/2024 15:59:59,870.59,873.63,868.7,872.35,1318382
8/20/2024 15:59:59,872,876.76,871.17,876.2,1104595
8/21/2024 15:59:59,880.74,891.12,877.22,881.42,1465505
8/22/2024 15:59:59,882.3,884,873.18,877.56,1440919
8/23/2024 15:59:59,882.49,884.56,871.67,879.21,1305753
8/26/2024 15:59:59,883.17,893.25,881.44,892.51,1737024
8/27/2024 15:59:59,892.69,918.93,887.07,908.9,2098899
8/28/2024 15:59:59,910.96,912.22,881.66,888.05,1668378
8/29/2024 15:59:59,891,900.46,885.17,886.63,1709893
8/30/2024 15:59:59,890.5,896.33,883.1,892.38,1933485
9/3/2024 15:59:59,896.68,896.89,874.44,878.57,1784179
9/4/2024 15:59:59,877.45,891.76,876.59,890.02,1425160
9/5/2024 15:59:59,888.63,888.63,868.7,885.98,1998837
9/6/2024 15:59:59,891.26,893.2,871,876.68,2074604
9/9/2024 15:59:59,884.74,898.83,881.7,896.49,1953977
9/10/2024 15:59:59,892.6,900.69,887.52,894.29,1360818
9/11/2024 15:59:59,895,902,877.87,900.4,1796084
9/12/2024 15:59:59,900.42,915.7,896.51,915.03,1868674
9/13/2024 15:59:59,913.63,923.83,909.36,916,1327509
9/16/2024 15:59:59,922,922.63,905.35,907.87,1661046
9/17/2024 15:59:59,908.43,908.6,895.45,897.27,1386963
9/18/2024 15:59:59,899.94,904.98,890.95,892.52,1338163
9/19/2024 15:59:59,904.26,905.13,895.5,900.74,1747482
9/20/2024 15:59:59,901.57,907.81,895.7,906.98,4658159
9/23/2024 15:59:59,906.98,919.5,900.78,917.08,1697643
9/24/2024 15:59:59,912.01,912.77,897.53,901.54,2432552
9/25/2024 15:59:59,903,910.36,901.13,908.42,1728137
9/26/2024 15:59:59,905.3,909.24,898.13,901.44,2738553
9/27/2024 15:59:59,893.26,893.49,874,885.62,3459054
9/30/2024 15:59:59,891.37,910,881.41,886.52,2146353
10/1/2024 15:59:59,885.25,886.99,872.75,877.38,1836683
10/2/2024 15:59:59,874.65,881.23,867.16,878.53,1317146
10/3/2024 15:59:59,874.44,881.18,872.67,875.67,1451942
10/4/2024 15:59:59,877.99,884.29,875.67,883.11,1517311
10/7/2024 15:59:59,881.6,887.71,872.33,873.59,1963158
10/8/2024 15:59:59,876.7,891.31,876.7,890.42,1697910
10/9/2024 15:59:59,892.24,910,887.87,909.1,1956453
10/10/2024 15:59:59,910,910,891.84,893.63,1765785
10/11/2024 15:59:59,894.5,894.5,885.5,889.03,1527294
10/14/2024 15:59:59,892.45,895.17,886.26,889.76,1431497
10/15/2024 15:59:59,892.09,900.65,889.55,894.61,1613905
10/16/2024 15:59:59,889.92,891.33,879.5,887.38,1475495
10/17/2024 15:59:59,891.56,895.33,882.8,885.29,1321463
10/18/2024 15:59:59,885.76,890.61,883.75,889.56,1654015
10/21/2024 15:59:59,889,891.4,883.7,886.77,1184880
10/22/2024 15:59:59,890.98,894.89,884.31,893.49,1189653
10/23/2024 15:59:59,896.02,905.68,894.99,899.17,2193473
10/24/2024 15:59:59,901.5,903.5,888.26,893.42,1649565
10/25/2024 15:59:59,895.65,901.62,890,891.22,1425842
10/28/2024 15:59:59,895.99,895.99,890,890.96,912507
10/29/2024 15:59:59,890,891.17,874.09,886.99,1361681
10/30/2024 15:59:59,886.38,886.57,877.37,879.09,1412209
10/31/2024 15:59:59,877.2,877.65,868.65,874.18,1771876
11/1/2024 15:59:59,874.27,879.41,867.34,877.31,1625161
11/4/2024 15:59:59,881.34,887,876.73,886.07,1577144
11/5/2024 15:59:59,888,895.58,886.8,890.17,1622264
11/6/2024 15:59:59,898.28,899.9,886.28,899.25,2437420
11/7/2024 15:59:59,898.62,919.48,894.37,913.93,2145454
11/8/2024 15:59:59,914,962,913.75,943.8,3277090
11/11/2024 15:59:59,943.8,951.28,931.44,932.88,2181815
11/12/2024 15:59:59,935.95,939.56,927,932.38,1691807
11/13/2024 15:59:59,930,937.59,923.2,933.73,1757645
11/14/2024 15:59:59,927,931.15,922.17,923.89,1859919
11/15/2024 15:59:59,917.74,920.55,905.56,907.07,2269945
11/18/2024 15:59:59,910.64,925.94,907.11,919.51,1797786
11/19/2024 15:59:59,928,934,916.36,930.15,1690536
11/20/2024 15:59:59,925.08,928.8,916.5,928.08,1452130
11/21/2024 15:59:59,935,958.49,930,955.65,2320548
11/22/2024 15:59:59,962.74,976.3,958.52,964.01,2078740
11/25/2024 15:59:59,975,975,949.69,960.89,3240929
11/26/2024 15:59:59,964,974.37,960.89,971.5,1438037
11/27/2024 15:59:59,971.46,972.29,958.59,961.55,1499464
11/29/2024 13:04:59,968.09,973.27,962.47,971.88,1095860
12/2/2024 15:59:59,971.36,976.5,964.76,975,1955774
12/3/2024 15:59:59,974.69,983,970.76,982.15,1653910
12/4/2024 15:59:59,982,991.15,977.55,990.92,1784687
12/5/2024 15:59:59,986.66,990.13,978.2,982.26,2089430
12/6/2024 15:59:59,982.26,997.71,982.26,992.61,1737317
12/9/2024 15:59:59,997.01,997.01,980.5,987.86,1855470
12/10/2024 15:59:59,989.73,994.99,985.88,993.4,1556751
12/11/2024 15:59:59,995,1007.8,993.59,994.69,1903635
12/12/2024 15:59:59,1001.68,1002.47,987.21,988.39,2344334
12/13/2024 15:59:59,981,1006.68,965.73,989.35,2951921
12/16/2024 15:59:59,989.05,1008.25,986.37,992.87,2581292
12/17/2024 15:59:59,994,996.92,980.76,982.08,2050219
12/18/2024 15:59:59,982,985.6,964,964.74,2725300
12/19/2024 15:59:59,974.51,974.64,953.51,954.8,2610843
12/20/2024 15:59:59,949.39,961.94,943.05,954.07,5373797
12/23/2024 15:59:59,953.88,954.26,937,949.91,1856831
12/24/2024 13:04:59,950.74,959.38,945.45,958.82,939029
12/26/2024 15:59:59,956.82,959.41,954,956.14,969936
12/27/2024 15:59:59,948.72,950.45,932,939.7,1943440
12/30/2024 15:59:59,931,934.17,915.5,922.21,1881241
12/31/2024 15:59:59,923.65,924.74,912.54,916.27,1742939
1/2/2025 15:59:59,915,925.77,902,909.81,1767658
1/3/2025 15:59:59,914.33,924.21,911,916.58,1614211
1/6/2025 15:59:59,917.98,927.41,913.27,922.71,1970405
1/7/2025 15:59:59,923.84,931.31,916.43,921.37,1887982
1/8/2025 15:59:59,922.98,930.5,915.42,927.37,1774763
1/10/2025 15:59:59,933.36,944.28,923.5,936.94,2765797
1/13/2025 15:59:59,934,934.99,921,924.7,1693763
1/14/2025 15:59:59,924.3,927.76,909.92,917.23,1683757
1/15/2025 15:59:59,927.26,932.87,918.3,923.5,1839386
1/16/2025 15:59:59,924.73,927.4,917.82,919.75,1352957
1/17/2025 15:59:59,930,943.8,924.57,943.19,2375012
1/21/2025 15:59:59,945.25,956.55,943.5,947.73,2042443
1/22/2025 15:59:59,951.23,951.94,939.24,944.7,2154991
1/23/2025 15:59:59,941.69,943.39,936.49,942.16,1352440
1/24/2025 15:59:59,942.16,946.04,933.56,939.68,1562422
1/27/2025 15:59:59,930,966.99,927.18,965.25,3044682
1/28/2025 15:59:59,961.83,965.71,954.07,958.67,2166375
1/29/2025 15:59:59,957.8,968.26,955,964.02,1713749
1/30/2025 15:59:59,970.3,986.75,970.1,979.01,1788180
1/31/2025 15:59:59,976.24,991,975.78,979.88,1875713
2/3/2025 15:59:59,972.39,1009.61,968.94,1005.83,2751018
2/4/2025 15:59:59,1005.4,1024.35,999.65,1021.86,2001641
2/5/2025 15:59:59,1020,1043.09,1020,1042.88,2050058
2/6/2025 15:59:59,1050,1063,1044.2,1050.99,2218045
2/7/2025 15:59:59,1047,1056.71,1035.51,1043.81,1632854
2/10/2025 15:59:59,1052,1063,1046,1061.92,2036894
2/11/2025 15:59:59,1059.91,1066,1049.04,1058.34,1748505
2/12/2025 15:59:59,1054.15,1067,1051,1065.12,1662315
2/13/2025 15:59:59,1067.01,1078.23,1064.65,1076.86,1623281
2/14/2025 15:59:59,1076.48,1077.49,1068.01,1071.85,1410728
2/18/2025 15:59:59,1069.21,1071,1045.24,1056.03,2090589
2/19/2025 15:59:59,1056.06,1063.18,1053,1062.54,1349634
2/20/2025 15:59:59,1053.64,1053.64,1033.85,1034.83,2000545
2/21/2025 15:59:59,1034.61,1036.21,1024.68,1035.03,1816308
2/24/2025 15:59:59,1028.54,1038.19,1025.22,1035.6,1759749
2/25/2025 15:59:59,1040.73,1057.02,1037.46,1055.66,2083802
2/26/2025 15:59:59,1050.14,1058.89,1030.18,1031.97,1555684
2/27/2025 15:59:59,1034,1042.53,1018.83,1021.71,1629074
2/28/2025 15:59:59,1030.61,1049.38,1023.99,1048.61,3307117
3/3/2025 15:59:59,1051.74,1066,1041.14,1046.85,2422451
3/4/2025 15:59:59,1045.73,1047.93,1028.73,1036.87,2536792
3/5/2025 15:59:59,1033.08,1050.98,1028.5,1047.75,1898604
3/6/2025 15:59:59,1032.95,1045.89,1019.05,1026.62,2594563
3/7/2025 15:59:59,995.15,1002.42,942.78,964.31,5510718
3/10/2025 15:59:59,955.47,959.66,924.03,934.41,4459854
3/11/2025 15:59:59,931,938,921.2,930.49,3204869
3/12/2025 15:59:59,938,944.38,923.25,927.08,2331610
3/13/2025 15:59:59,922,923.5,887.47,890.62,3447210
3/14/2025 15:59:59,891.81,906.95,881.56,903.92,3186406
3/17/2025 15:59:59,901.63,923.39,898,916.61,2256059
3/18/2025 15:59:59,913,917.56,896.84,898.05,2182005
3/19/2025 15:59:59,902.86,910.16,896,904.05,1908521
3/20/2025 15:59:59,901.5,907.48,894.1,895.4,1891797
3/21/2025 15:59:59,888.75,909.77,883.96,909.26,3447576
